<?xml version="1.0"?>
<?xml-stylesheet type="text/xsl"  href="./article.xsl?<!--#echo encoding="none" var="QUERY_STRING" -->"?>
<html>
<head>
	<title>Министр обороны объявил об упразднении Спецстроя</title>
	<meta http-equiv="Content-Type" content="text/html; charset=utf-8"/>
	<meta name="Description" content="Иа итоговой коллегии военного ведомства РФ минист обороны обявил о ликвидации Спецстроя. Вместо него будет организовано восемь ФГУП."/>
</head>
<body>
<h1>Вместо Спецстроя будет организовано восемь ФГУП</h1>
<!--#include virtual="./sitemap.xml" -->
<article>
	<section id='3085001'>
		<h2>Упразнение Спецстроя</h2>
		<text>
			Согласно сообщения министра обороны Российской Федерации Сергея Шойгу, агентство Спецстрой будет упразнено. Это связано стем, что за последние годы к агентству накопилось много вопросов, связанных со слабой финансовой дисциплиной, многочисленными срывами сроков строительства и ввода в эксплуатацию специальных объектов, в том числе ядерных объектов и объектов для хранению оружия массового поражения.
			Вместо одного агентства будет организовано восемь федеральных государственных унитарных предприятия, которые и будут решать задачи по строительству специальных объектов для министерства обороны РФ.
			"Особое внимание было уделено преодолению причин, связанных со срывами сроков строительства и ввода в эксплуатацию специальных объектов, сокращению дебиторской задолженности и устранению сверхлимитного финансирования. Для этого проводится серьезная реформа военно-строительного комплекса. Спецстрой России упраздняется, а в состав Вооруженных сил включаются восемь федеральных государственных унитарных предприятий, которые выполняют задачи строительства только специальных объектов министерства обороны", - так сказал министр обороны на итоговой коллегии МО РФ.
		</text>
	</section>
	<section>
		<h2>Глава Минобороны: Спецстрой России упраздняется</h2>
		<text>
			Федеральное агентство специального строительства будет упразднено. Об этом на итоговом заседании коллегии Минобороны объявил глава военного ведомства генерал армии Сергей Шойгу.<br/>
			По его словам, Спецстрой России упраздняется, в качестве его замены созданы восемь федеральных государственных унитарных предприятий. Перед ними будут стоять задачи возведения только специальных объектов Минобороны.<br/>
			Спецстрой России являлся федеральным органом исполнительной власти, который осуществлял в интересах обороны и безопасности страны организацию работ по возведению специальных объектов, дорог и объектов связи. Для этого привлекались инженерно-технические воинские формирования и дорожно-строительные воинские формирования.
		</text>
		<acid><a href="https://regnum.ru/news/polit/2220844.html">REGNUM</a></acid>
	</section>
	<section>
		<h2>Шойгу объявил об упразднении Спецстроя</h2>
		<text>
			Министр обороны Сергей Шойгу объявил об упразднении Федерального агентства по специальному строительству «Спецстрой». Вместо него будут созданы восемь ФГУПов, которые займутся строительством специальных объектов Минобороны. Об этом сообщает ТАСС.<br/>
			По словам министра, реформа военно-строительного комплекса обеспечит выполнение работ преимущественно силами собственных предприятий.<br/>
			«Проводится серьезная реформа военно-строительного комплекса. Спецстрой упраздняется, в состав Вооруженных сил включаются восемь федеральных государственных унитарных предприятий, которые выполняют задачи строительства только специальных объектов Министерства обороны», — сказал Шойгу.
			</text>
		<acid><a href="http://www.rbc.ru/politics/22/12/2016/585bb0d79a79473355e1f0b2">РБК</a></acid>
	</section>
	<section>
		<h2>Упразднен Спецстрой при Минобороны</h2>
		<text>
			Подведомственный Министерству обороны Спецстрой упраздняется, его заменят восемь федеральных государственных унитарных предприятий, которые будут включены в состав Вооруженных сил и будут строить только спецобъекты для Минобороны. Как передает «Интерфакс», это объявил министр Сергей Шойгу. По его словам, это решение принято в рамках «серьезной реформы военно-строительного комплекса», задачи которой – преодолеть причины срывов сроков строительства и ввода в эксплуатацию специальных объектов, сократить сокращение дебиторской задолженности и устранить сверхлимитное финансирование. 			По словам министра, новая структура исключит промежуточные звенья и посредников при реализации госконтрактов по строительству.<br/>
			23 ноября о готовящейся ликвидации Спецстроя сообщил «Коммерсантъ». Газета писала, что эта структура перестанет существовать к середине 2017 г., а ее функции будут замкнуты на Минобороны напрямую. По сведениям издания, поводом для упразднения Спецстроя стали многочисленные претензии заказчиков и органов власти к срокам исполнения работ и финансовой дисциплине подведомственных агентству ФГУПов. Пресс-секретарь президента Путина Дмитрий Песков в тот день сказал, что существуют разные предложения о судьбе Спецстроя, но решение еще не принято.<br/>
			На сайте Спецстроя сказано, что это федеральное агентство – федеральный орган исполнительной власти, который в интересах обороны и безопасности государства организует работы в области специального строительства, дорожного строительства и связи силами инженерно-технических воинских формирований и дорожно-строительных воинских формирований. Среди основных задач агентства было указано не только строительство объектов специального назначения ради обороны и безопасности государства, в том числе ядерных объектов и объектов для хранению оружия массового поражения, но и обустройство войск, жилищное строительство для нужд армии, техническое прикрытие и восстановление автомобильных дорог оборонного значения и дорог общего пользования, поддержка единой сети электросвязи в стране в оборонных целях, помощь в ликвидации последствий природных катастроф.<br/>
			В последние годы в адрес Спецстроя неоднократно высказывались претензии в связи с задержками работ по строительству космодрома Восточный, на объекты которого приходилось бросать даже студентов. В июле 2015 г. агентство критиковали после обрушения отремонтированной казармы ВДВ в Омске и гибели 24 военнослужащих.
		</text>
		<acid><a href="http://www.vedomosti.ru/realty/articles/2016/12/22/670781-spetsstroi">Ведомости</a></acid>
	</section>
	<section>
		<h2>Реформа военно-строительного комплекса исключит посредников</h2>
		<text>
			Министр обороны России генерал армии Сергей Шойгу на итоговой коллегии военного ведомства объявил о ликвидации Спецстроя. «Спецстрой России упраздняется, вместо него созданы восемь федеральных государственных унитарных предприятий, которые выполняют задачи строительства только специальных объектов Минобороны»,— приводит ТАСС его слова.<br/>
			О том, что Владимир Путин принял решение упразднить подведомственный Минобороны Спецстрой, «Ъ» стало известно в конце ноября. Поводом для ликвидации стали многочисленные претензии заказчиков и органов власти к срокам исполнения работ и финансовой дисциплине подведомственных агентству ФГУПов.
		</text>
		<acid><a href="http://www.kommersant.ru/doc/3177652">Коммерсант</a></acid>
	</section>
	<section>
		<h2>Министр обороны объявил о ликвидации Спецстроя</h2>
		<text>
			Вопросы к ведомству возникли из-за претензий к срокам исполнения работ и финансовой дисциплине. Министр обороны Сергей Шойгу объявил о ликвидации подведомственного Минобороны Федерального агентства по специальному строительству (Спецстрой). Его заменят восемь ФГУПов, которые сосредоточатся на строительстве специальных объектов военного ведомства.<br/>
			"Особое внимание было уделено преодолению причин, связанных со срывами сроков строительства и ввода в эксплуатацию специальных объектов, сокращению дебиторской задолженности и устранению сверхлимитного финансирования. Для этого проводится серьезная реформа военно-строительного комплекса. Спецстрой России упраздняется, а в состав Вооруженных сил включаются восемь федеральных государственных унитарных предприятий, которые выполняют задачи строительства только специальных объектов министерства обороны", - сказал С.Шойгу в четверг на заседании коллегии военного ведомства.<br/>
			По его словам, эта мера, в частности, исключает промежуточные звенья и посредников при реализации госконтрактов по строительству.<br/>
			О готовящейся ликвидации Спецстроя ранее сообщала газета "Коммерсант" со ссылкой на свои источники. По данным издания, решение было принято Владимиром Путиным из-за многочисленных претензий заказчиков и органов власти к срокам исполнения работ и финансовой дисциплине подведомственных агентству ФГУПов.<br/>
			Серьезные вопросы к Спецстрою появились в 2015 году, когда из-за обрушения секции казармы 242-го учебного центра ВДВ в Омске погибли 24 военнослужащих; кроме того, к агентству были весомые претензии относительно возведения объектов космодрома Восточный.
		</text>
		<acid><a href="http://www.interfax.ru/russia/542582">Интерфакс</a></acid>
	</section>
	<section>
		<h2>Минобороны упразднило Спецстрой</h2>
		<text>
			Федеральное агентство специального строительства (Спецстрой) упразднено. Об этом заявил министр обороны Сергей Шойгу, сообщает ТАСС.<br/>
			Вместо Спецстроя будут созданы ФГУП, которые займутся только строительством спецобъектов Минобороны, пояснил министр.<br/>
			О том, что Спецстрой может быть расформирован, в конце ноября 2016 года писал «Коммерсантъ». По информации издания, поводом для этого решения стали претензии к финансовой дисциплине агентства и срокам выполнения обязательств его подрядчиками со стороны как властей, так и заказчиков.<br/>
			В течение 2014-2016 годов в системе Спецстроя прошел ряд арестов по громким уголовным делам, связанным с хищениями (в том числе при строительстве космодрома Восточный). Под следствием находятся, в частности, начальник одного из управлений ведомства Александр Шашкин, а также бывший глава ФГУП «Дальспецстрой» Юрий Хризман.<br/>
			Во второй половине 2016 года были арестованы два заместителя директора Спецстроя — Александр Загорулько и Александр Буряков. Они проходят по делу о мошенничестве в особо крупных размерах.<br/>
			Происходящее привело к началу масштабной проверки ведомства, о которой объявили в октябре 2016 года.
		</text>
		<acid><a href="https://lenta.ru/news/2016/12/22/spetsstroy_vse/">Lenta</a></acid>
	</section>
	<section>
		<h2>Шойгу сообщил об упразднении Спецстроя</h2>
		<text>
			МОСКВА, 22 декабря 2016 года. Об этом сообщил министр обороны РФ генерал армии Сергей Шойгу на итоговой коллегии российского военного ведомства.<br/>
			"Спецстрой России упраздняется, вместо него созданы восемь федеральных государственных унитарных предприятий, которые выполняют задачи строительства только специальных объектов Минобороны", - сказал он. <br/>
			Ранее о ликвидации Спецстроя сообщало издание "Коммерсантъ" со ссылкой на источники в администрации президента и в Минобороны. Источники сообщали, что поводом для упразднения стали многочисленные претензии заказчиков и органов власти к срокам исполнения работ и финансовой дисциплине подведомственных агентству ФГУПов. 
		</text>
		<acid><a href="http://tass.ru/armiya-i-opk/3897069">ТАСС</a></acid>
	</section>
	<section>
		<h2>Реф</h2>
		<text>
			Рефо
		</text>
		<acid><a href="http://riarea">РИА</a></acid>
	</section>
	<section>
		<h2>Реф</h2>
		<text>
			Рефо
		</text>
		<acid><a href="http://riarea">РИА</a></acid>
	</section>
</article>
</body>
</html>