<?xml version="1.0"?>
<?xml-stylesheet type="text/xsl"  href="./article.xsl?<!--#echo encoding="none" var="QUERY_STRING" -->"?>
<html>
<head>
	<title>Россия сильнее любого потенциального агрессора</title>
	<meta http-equiv="Content-Type" content="text/html; charset=utf-8"/>
	<meta name="Description" content="Проведя расширенное заседание коллегии министерства обороны РФ, президент положительно оценил обороноспособность армии и флота."/>
</head>
<body>
<h1>Россия сильнее любого потенциального агрессора</h1>
<!--#include virtual="./sitemap.xml" -->
<article>
	<section id='3085001'>
		<h2>Президент говорит о силе РФ</h2>
		<text>
			На расширенном заседании коллегии Министерства обороны Российской федерации президент страны В.В.Путин обсудил с военным командованием обороноспособность государства. По его мнению, на сегодняшний день Россия в военном потенциале превосходит любого потенциального агрессора, но не смотря на это, нужно продолжать работать над боеспособностью армии и флота.<br/>
			В разговоре с военачальниками президент подчеркнул, что он рассчитывает на их слаженную работу по выполнению всех тех задач, которые перед ними поставлены, в особенности по совершенствованию системы предупреждения о ракетном нападении в воздушно-космических войсках.
		</text>
	</section>
	<section>
		<h2>Россия превосходит любого потенциального агрессора, но расслабляться нельзя</h2>
		<text>
			Россия в настоящее время сильнее любого потенциального агрессора, но расслабляться не стоит с целью не допустить изменения подобной ситуации, заявил президент России Владимир Путин.<br/>
			«На сегодня мы сильнее любого потенциального агрессора, любого», – сказал Путин на расширенном заседании коллегии военного ведомства.
			«В то же время я хотел бы обратить внимание на то, что, если мы позволим себе хотя бы на минуту расслабиться, допустить хотя бы один существенный сбой в модернизации армии и флота, в подготовке войск, ситуация может очень быстро измениться с учетом скорости происходящих в мире событий», – отметил Путин.<br/>
			Путин поставил перед Минобороны задачи по дальнейшему укреплению ядерной триады, совершенствованию систем разведки и связи. «Нам многое нужно сделать по линии укрепления ядерной триады, совершенствованию системы СПРН, в Воздушно-космических войсках и еще больше на море, в Сухопутных войсках», – заявил Путин.
		</text>
		<acid><a href="http://www.vedomosti.ru/politics/news/2016/12/22/670782-putin-rossiya">Ведомости</a></acid>
	</section>
	<section>
		<h2>Россия сейчас сильнее любого потенциального агрессора</h2>
		<text>
			Россия в настоящий момент сильнее любого потенциального агрессора. Об этом заявил президент страны Владимир Путин на расширенном заседании коллегии Министерства обороны в четверг.<br/>
			«Можно с уверенностью сказать: мы сегодня сильнее любого потенциального агрессора», — сказал глава государства.При этом Путин отметил, что «расслабляться не стоит».<br/>
			«Хотел бы обратить ваше внимание на то, что если мы просто позволим себе хотя бы на минуту расслабиться, допустить хотя бы один существенный сбой в модернизации армии и флота, в подготовке войск, ситуация может быстро измениться», — добавил он.
		</text>
		<acid><a href="http://izvestia.ru/news/653674">Известия</a></acid>
	</section>
	<section>
		<h2>Путин: Россия сильнее любого из возможных агрессоров, но расслабляться нельзя</h2>
		<text>
			Президент РФ Владимир Путин на расширенном заседании коллегии Минобороны выразил уверенность, что Россия на сегодняшний день сильнее любого потенциального агрессора.<br/>
			Вместе с тем он призвал не расслабляться. По мнению Путина, всего один существенный сбой в подготовке или модернизации армии и флота быстро изменит ситуацию — и Россия даже не успеет это заметить.<br/>
			Глава государства попросил Минобороны в 2017 году сосредоточиться на том, чтобы обеспечить сбалансированное развитие всех родов войск и продолжить освоение высокоточного оружия, современных средств связи. Также, по словам Путина, необходимо укреплять боевой потенциал стратегических ядерных сил.
		</text>
		<acid><a href="http://www.mk.ru/politics/2016/12/22/putin-rossiya-silnee-lyubogo-iz-vozmozhnykh-agressorov-no-rasslablyatsya-nelzya.html">МК</a></acid>
	</section>
	<section>
		<h2>Россия сильнее любого агрессора, но..</h2>
		<text>
			Президент РФ Владимир Путин уверен, что сейчас Россия сильнее любого потенциального агрессора. При этом глава государства предупредил, что расслабляться и терять бдительность военным нельзя.<br/>
			"Нам еще много предстоит сделать, вместе с тем, уже сегодня с учетом очень многих факторов, включая не только военные, но и историю нашу, географию, внутреннее состояние российского общества, можно с уверенностью сказать: на сегодня мы сильнее любого потенциального агрессора", - заявил глава государства на коллегии Минобороны. "Любого!" - повторил Верховный главнокомандующий.<br/>
			Однако он предупредил: "Если мы позволим себе хотя бы на минуту расслабиться, допустить хотя бы один сбой в модернизации армии и флота, в подготовке войск, ситуация может очень быстро измениться". "С учетом скорости происходящих в мире событий, мы даже не успеем заметить", - призвал к бдительности президент.<br/>
			Путин подчеркнул, что от военачальников "очень многое зависит в продолжении работы, которая начата и проводится в течение последних лет".<br/>
			Путин потребовал четко отслеживать изменение баланса сил вдоль границ РФ и во всем мире: "Очень рассчитываю на то, что вы будете работать также слаженно, будете также ответственно относиться к порученному вам делу", - сказал Путин. По его мнению, "работая таким образом, мы выполним все задачи, которые перед нами стоят в важнейшей сфере - укреплении обороноспособности России".<br/>
			Глава государства отметил, что "в последние годы многое сделано для повышения обороноспособности страны". При этом он признал: "Разумеется, многого и не хватает, нам многое нужно сделать по линии укрепления ядерной триады, совершенствования системы СПРН (система предупреждения о ракетном нападении), в Воздушно-космических войсках, еще больше (нужно сделать) на море, в Сухопутных войсках, нужно совершенствовать системы разведки и связи".<br/>
			По окончании расширенного заседания коллегии Минобороны Путин провел рабочее совещание с командующими войсками военных округов.
		</text>
		<acid><a href="http://tass.ru/politika/3897165">INTERFAX</a></acid>
	</section>
	</article>
</body>
</html>